architecture,B,Learning rate,error,error_test
\3HL_64_units_,64,0.0001,0.3104340732097626,0.18853909736608654
\3HL_64_units_,64,0.0001,0.3104340732097626,0.18853909736608654
